Currency,Date,Closing Price (USD),24h Open (USD),24h High (USD),24h Low (USD)
XMR,2018-05-31,155.864161424,157.7530064188,158.0694317785,155.5554857929
XMR,2018-06-01,158.4583658656,155.6634063382,158.6131866055,153.1897429296
XMR,2018-06-02,162.3787694998,157.4830071163,167.4732533627,156.4850362015
XMR,2018-06-03,169.190243457,162.3912490164,176.8841800981,162.3491194653
XMR,2018-06-04,161.653845989,169.4087567293,170.240578772,157.5235568551
XMR,2018-06-05,166.892402267,161.653845989,169.462506981,157.0464266628
XMR,2018-06-06,164.7093,167.1765711,167.7021325,161.39989894
XMR,2018-06-07,163.3049145,164.7093,171.217683,162.48765618
XMR,2018-06-08,158.23576281,163.3049145,165.25846428,156.5930321515
XMR,2018-06-09,154.5026336,158.23576281,160.060936,154.06875
XMR,2018-06-10,139.3390368804,154.5026336,154.5026336,131.0383206
XMR,2018-06-11,135.4686812847,133.6362876133,136.7231295608,132.2201729618
XMR,2018-06-12,125.6486856591,137.9925205876,138.1978920939,119.8871216229
XMR,2018-06-13,119.6424771289,125.6460086319,126.4055804529,112.9634245031
XMR,2018-06-14,130.6768060274,121.4170498956,133.8873338586,117.8876720596
XMR,2018-06-15,124.2042359574,131.3482883949,132.4325868022,123.6980636351
XMR,2018-06-16,127.9710515924,124.204344836,128.0528364373,120.5371020479
XMR,2018-06-17,124.8661674796,126.5866476409,126.7640039741,123.1177318711
XMR,2018-06-18,127.3982219688,123.800575585,129.7944874205,119.5430931968
XMR,2018-06-19,125.820011261,127.6463659848,130.4531234222,124.1656642489
XMR,2018-06-20,122.3244453801,125.7064536563,125.7603445864,119.6513951625
XMR,2018-06-21,122.9914745258,122.3488089759,123.1995362028,121.8217699408
XMR,2018-06-22,114.1956497427,123.0031891257,124.2748522592,112.6654230588
XMR,2018-06-23,116.8217097533,110.9518974276,119.3187076961,110.7991018079
XMR,2018-06-24,120.6122222763,116.8216289582,124.8280498205,107.568121982
XMR,2018-06-25,127.2671661539,121.6031351059,129.5364275662,120.6506796301
XMR,2018-06-26,122.2868734161,127.1949837561,130.616381039,121.6466426598
XMR,2018-06-27,129.7233484005,122.3243599482,129.7341771876,119.3222038555
XMR,2018-06-28,127.364431159,129.6447279315,134.4608655275,127.3276296913
XMR,2018-06-29,120.1185913283,127.3389738257,127.3823161835,117.2896301561
XMR,2018-06-30,128.8909532709,120.1032438006,135.4012236941,119.8352989744
XMR,2018-07-01,129.9052912976,131.117717753,134.3726615594,126.0804750474
XMR,2018-07-02,140.9576705894,130.146823334,143.2748545372,128.3602093338
XMR,2018-07-03,137.8870976117,140.9361232196,144.4086726095,136.8255219987
XMR,2018-07-04,139.8070103697,138.4722599027,146.1721370476,137.1776664596
XMR,2018-07-05,137.4857066478,139.8080335684,141.4846124629,134.1423168316
XMR,2018-07-06,132.94646562,137.857396287,138.1202502,130.504249212
XMR,2018-07-07,131.2990047138,133.5570938993,134.8337527736,130.8187742294
XMR,2018-07-08,138.1908520238,131.2983759934,139.6631999246,131.2044203991
XMR,2018-07-09,137.7356152091,138.1908520237,141.477470654,136.4995516692
XMR,2018-07-10,122.9913830591,137.7353491768,137.7500382414,122.3473540218
XMR,2018-07-11,124.698930504,121.0997384354,130.5750292547,121.072693438
XMR,2018-07-12,119.5765330417,124.7032612948,126.550221781,118.9467285314
XMR,2018-07-13,121.78,120.4999616,125.0175,119.18053992
XMR,2018-07-14,122.8116010767,121.3646453799,124.2197809719,120.8309902601
XMR,2018-07-15,123.680573616,122.8116823255,125.4179437287,121.8481785238
XMR,2018-07-16,132.8682462274,123.7853176009,135.496764659,123.0456740358
XMR,2018-07-17,143.477502529,132.8683466731,145.8480818819,132.8516381688
XMR,2018-07-18,139.2718909085,143.4788036936,148.9179976239,138.7724564224
XMR,2018-07-19,140.1717717639,139.2717967082,143.8020768787,138.4736971453
XMR,2018-07-20,129.3854972385,140.1722902392,140.4868018867,128.5313307807
XMR,2018-07-21,132.3780226253,129.359625089,132.9106372952,127.1028914231
XMR,2018-07-22,129.0347387466,132.394563454,133.8138588921,127.9307681034
XMR,2018-07-23,133.8842616684,128.2511868074,143.0506206771,128.0252500097
XMR,2018-07-24,147.8605835148,133.8868370357,148.402444941,132.9805843574
XMR,2018-07-25,142.6954829073,147.8309989357,149.2210280815,138.3425131733
XMR,2018-07-26,137.6245553355,142.6891626974,145.0419505369,136.6099187136
XMR,2018-07-27,141.0748078136,137.6726598988,142.6267843616,134.8867585254
XMR,2018-07-28,139.6291263205,140.8588400691,141.5312455795,138.2929857427
XMR,2018-07-29,135.2969224337,139.6324659008,141.4157129612,135.0101592662
XMR,2018-07-30,132.6756680031,135.4955962503,136.4630130834,128.9143957877
XMR,2018-07-31,121.9741297152,132.6942277303,134.5670882275,121.2923932135
XMR,2018-08-01,126.6056203269,121.8912910909,130.2027790857,119.5093248576
XMR,2018-08-02,122.8653702384,126.6057821723,130.5796300913,120.7012213898
XMR,2018-08-03,120.1443896477,122.2073460778,122.5169802997,115.0205001805
XMR,2018-08-04,114.0668717147,120.1480181724,121.1257218905,113.4722709071
XMR,2018-08-05,117.3102182912,114.13190527,117.8120843567,111.5873713303
XMR,2018-08-06,112.978886357,117.3102331019,119.7684076877,112.3521655456
XMR,2018-08-07,108.7781200795,112.978680237,118.175775839,107.6343456764
XMR,2018-08-08,93.2254505564,107.4594965141,108.2013570494,93.1526380509
XMR,2018-08-09,101.3581218309,93.2020530288,102.2093506975,92.9334939032
XMR,2018-08-10,91.2645260894,101.3523387454,101.4081588917,91.2645260894
XMR,2018-08-11,94.9041585541,92.5299610185,97.010198305,88.0520963925
XMR,2018-08-12,93.6630449778,94.9055878024,96.2939301018,91.7854849974
XMR,2018-08-13,89.2280601591,93.6631858025,97.222070569,88.9399882805
XMR,2018-08-14,83.8015194757,89.2054644877,89.25101001,78.5253940844
XMR,2018-08-15,91.7117849449,84.3492152267,94.2432903091,84.3077940243
XMR,2018-08-16,90.4850341079,91.7119783237,92.9061577817,88.6205604992
XMR,2018-08-17,101.0467492659,90.496276224,101.076015833,90.3039363602
XMR,2018-08-18,98.1560657321,100.9931341676,104.7003516152,94.7279445743
XMR,2018-08-19,98.6776587948,97.9666332418,98.8737129878,94.7046124326
XMR,2018-08-20,95.5223404419,98.6775409133,102.5037507015,94.8464442737
XMR,2018-08-21,94.3905586365,92.3290823349,96.4157464836,91.8447618807
XMR,2018-08-22,89.3841213619,94.3909620064,98.9470220666,87.8070718046
XMR,2018-08-23,89.6807395961,89.8106649374,91.3575044748,88.5021737654
XMR,2018-08-24,93.9642891479,90.0243287687,94.105938286,88.3976883166
XMR,2018-08-25,92.7930173357,93.580860819,96.48319461,91.9473884659
XMR,2018-08-26,94.642558422,92.7930558576,94.8479437583,91.030024757
XMR,2018-08-27,101.6571277414,94.9613061552,102.9111324272,93.3635420549
XMR,2018-08-28,107.3480622157,101.6828505304,107.4669845347,101.3166616632
XMR,2018-08-29,103.7756532886,107.5414552758,108.3352210842,100.636777706
XMR,2018-08-30,101.4959183623,103.2747113815,106.528446944,97.0324923997
XMR,2018-08-31,115.0689209771,101.4963904885,117.0185244059,101.4848081009
XMR,2018-09-01,122.8960014076,115.0689209771,124.5203322003,114.4688620877
XMR,2018-09-02,122.5033608938,122.8946641941,125.1562185385,116.4375179846
XMR,2018-09-03,134.1612848522,122.5053235398,135.9777856871,119.0640071671
XMR,2018-09-04,137.5556816693,135.7160240088,140.184886658,134.7843070043
XMR,2018-09-05,119.3507335899,137.7424297724,140.1729559568,116.3806024925
XMR,2018-09-06,115.2226440824,119.3490033251,119.8587428472,108.401273934
XMR,2018-09-07,113.1355387468,117.5911177039,119.8999584723,110.1401350758
XMR,2018-09-08,103.1581559883,113.1347881892,114.2216621613,101.5581036578
XMR,2018-09-09,106.3496270167,104.107697808,111.1115320842,100.916644662
XMR,2018-09-10,105.513263438,106.3442394131,109.1240158693,104.1268441846
XMR,2018-09-11,105.3816779299,105.5669127676,109.2193155927,101.5232581082
XMR,2018-09-12,104.9363108676,105.3676180329,105.8971150177,97.2093106398
XMR,2018-09-13,111.1520679416,104.5942826547,115.7551927009,104.5364773366
XMR,2018-09-14,115.4788109863,111.1545529654,115.5413952389,109.218131726
XMR,2018-09-15,117.127685069,115.3238232657,119.7516680253,115.069302834
XMR,2018-09-16,114.5813139487,116.6724214684,116.7503382344,112.59076024
XMR,2018-09-17,109.1622633477,114.5812038781,117.1701786619,108.303191532
XMR,2018-09-18,112.1828652018,109.1627752538,112.9121901025,104.7741283153
XMR,2018-09-19,109.3265124308,111.5626234008,112.2602745693,106.0936330725
XMR,2018-09-20,115.9519305768,109.593002,116.3027174732,109.4880025
XMR,2018-09-21,120.2639697182,115.9519305768,122.7657151316,115.1954502238
XMR,2018-09-22,120.1863122821,120.2638847436,121.3543555,116.8563959753
XMR,2018-09-23,120.0090087151,120.186312283,124.5276738093,117.9427651942
XMR,2018-09-24,114.1431666652,120.0053746851,120.4602848529,112.1137557772
XMR,2018-09-25,113.2402105156,114.1431830481,116.8720655466,111.3452289812
XMR,2018-09-26,115.2382935091,113.2233217727,117.7388643803,113.219072557
XMR,2018-09-27,119.1630798908,115.2395504042,121.7379704933,113.5986558021
XMR,2018-09-28,114.6944735303,119.1651607724,121.8762521797,114.4538445238
XMR,2018-09-29,115.5450107461,114.6913040378,117.5263821798,112.1649556354
XMR,2018-09-30,117.2382077526,115.5482297157,117.6100425338,114.1883391795
XMR,2018-10-01,115.54588697,117.2324535162,117.4402360251,112.678256344
XMR,2018-10-02,120.0698152984,115.9101492136,120.4050712347,115.5308413143
XMR,2018-10-03,113.9120229234,120.2675399436,120.2751087998,112.044374269
XMR,2018-10-04,114.8010274652,113.9119699931,116.582117841,113.5033610073
XMR,2018-10-05,114.5622420946,114.800637453,114.9217508356,114.2270465362
XMR,2018-10-06,114.9542031556,114.7489544998,115.0698063807,114.1225298131
XMR,2018-10-07,114.3068658664,114.9539589663,115.1472711867,113.7257307145
XMR,2018-10-08,114.6430708902,114.3502280579,116.0425481239,113.6052252284
XMR,2018-10-09,114.2403892163,114.6430708913,115.4333915269,113.4697822314
XMR,2018-10-10,113.1224722232,114.2401224366,114.2892869352,112.0717761324
XMR,2018-10-11,103.3963484465,113.54796149,114.3092505946,102.154965874
XMR,2018-10-12,102.6906159713,103.3963319832,106.9309201139,97.8561060327
XMR,2018-10-13,104.2855938587,102.6904866646,105.156668206,102.4329522018
XMR,2018-10-14,103.282337374,104.2919426543,105.857072985,102.9472201333
XMR,2018-10-15,107.7786480072,101.7056049005,111.4265435585,99.8327307485
XMR,2018-10-16,107.0045221335,107.7787279512,108.3709256211,105.1577333728
XMR,2018-10-17,105.455509226,107.004466343,108.398461502,104.6949892447
XMR,2018-10-18,102.6101234411,105.6853071638,106.7943921803,102.2682946023
XMR,2018-10-19,105.1449032812,102.6101234411,105.1456211795,102.5229511721
XMR,2018-10-20,104.7241180262,105.2182130422,105.2222668022,103.4227888279
XMR,2018-10-21,105.4147261801,104.198082988,105.7201423194,104.0246382133
XMR,2018-10-22,105.5714099506,105.4146937283,105.6259656291,104.2251773495
XMR,2018-10-23,107.4590321446,105.5711383616,110.0324350568,105.3415497968
XMR,2018-10-24,105.6472378169,107.1650539712,108.0286499404,105.3203889791
XMR,2018-10-25,105.068632648,105.6472364558,105.7820887107,103.8117096078
XMR,2018-10-26,103.8817603242,105.0686268192,105.4968045225,102.4621567731
XMR,2018-10-27,102.686582649,103.8819825472,103.8938266581,101.8914766647
XMR,2018-10-28,100.8515289511,102.8132837386,103.1917881301,100.4544983394
XMR,2018-10-29,99.3919563326,101.6141614305,103.1875100191,98.0693228218
XMR,2018-10-30,102.4493241773,99.3917656051,102.635506029,99.3863543497
XMR,2018-10-31,103.0317301398,102.450255467,104.9251747405,101.9553589762
XMR,2018-11-01,102.2415486064,103.0279103882,104.3813891082,101.3542556048
XMR,2018-11-02,103.898801048,102.2417135286,105.8842303495,102.1535379369
XMR,2018-11-03,105.1029528389,104.5767263903,105.6288848337,102.7929636136
XMR,2018-11-04,110.8998525411,105.102949592,111.1657667447,103.8751285283
XMR,2018-11-05,109.4480948362,110.8998513227,111.6425024721,106.8631731918
XMR,2018-11-06,112.4418503325,109.4604013932,113.5033016954,109.1133955347
XMR,2018-11-07,111.0562363551,112.4533461356,113.0664058421,109.2593004161
XMR,2018-11-08,109.2162012392,111.07837661,111.6059980428,107.2990252873
XMR,2018-11-09,107.0551459142,109.215881808,109.7904672601,106.0096050556
XMR,2018-11-10,105.6219533522,107.0546575348,108.5789675227,105.3566667678
XMR,2018-11-11,106.3062596995,106.3211232406,106.6691648731,103.2066110837
XMR,2018-11-12,107.1163651209,106.3062546387,108.5160964409,103.6917242319
XMR,2018-11-13,105.6915030578,106.7755058614,107.8827923647,104.8966682615
XMR,2018-11-14,91.5725984154,105.691692185,106.9085462826,88.6327434856
XMR,2018-11-15,89.5282529522,91.5714950149,94.5686518068,82.4319946706
XMR,2018-11-16,88.8669871892,90.73903716,91.0766178569,88.521021897
XMR,2018-11-17,89.3295618704,89.108651036,90.575163329,87.0304414477
XMR,2018-11-18,87.8333998575,89.3282424337,94.457759232,87.4234296836
XMR,2018-11-19,73.2674940272,87.8136199286,90.8496492384,72.1906846368
XMR,2018-11-20,64.9871610559,73.2636880825,74.445926318,63.034927081
XMR,2018-11-21,69.1918665192,66.8247447107,70.5891978046,64.0277155083
XMR,2018-11-22,68.7696138201,69.1749038271,71.7088269031,64.3374242017
XMR,2018-11-23,68.0930535653,68.7688295686,68.8822929294,62.9651423606
XMR,2018-11-24,59.9255374237,68.0971638202,70.3656086777,59.4501549403
XMR,2018-11-25,58.264469263,59.7562692721,61.0067652698,53.7957847707
XMR,2018-11-26,53.5803977433,58.2675190812,60.5401647049,53.271060626
XMR,2018-11-27,58.9456943954,53.5806506247,59.6251712287,52.8252132333
XMR,2018-11-28,62.8794017278,58.9456605363,65.7300018074,56.9646453961
XMR,2018-11-29,60.9101765221,62.8641108331,65.5330463108,60.0886110605
XMR,2018-11-30,57.3761203748,61.2828600924,63.0989118973,56.8269057443
XMR,2018-12-01,60.2178983638,57.3761834492,61.97150254,57.2063420539
XMR,2018-12-02,59.615471662,60.2178983638,61.7983269105,58.1801839308
XMR,2018-12-03,54.9622549861,59.6153220999,60.0042974609,53.6772784225
XMR,2018-12-04,56.4797989692,54.9622786662,59.7571289689,53.6449689773
XMR,2018-12-05,51.9700813349,56.4778560568,57.6088616461,51.9670518029
XMR,2018-12-06,47.8447300293,51.9270909973,53.8066020419,47.6973612921
XMR,2018-12-07,46.1186959307,47.8447267612,48.4640766494,42.8644145015
XMR,2018-12-08,45.9123929966,46.1186978247,49.6044115235,43.3273620417
XMR,2018-12-09,46.8860666407,45.9125341539,48.7060149497,44.7514096092
XMR,2018-12-10,44.1189030575,46.8883690002,47.9882144852,43.6154993214
XMR,2018-12-11,43.229271856,44.2789694826,44.455390541,41.5184762353
XMR,2018-12-12,43.2729684027,43.229272155,44.749675956,41.9966853679
XMR,2018-12-13,40.989433404,43.6841131125,44.0306636833,40.4882059554
XMR,2018-12-14,39.9292109949,40.9892730816,42.7049837093,38.5198567149
XMR,2018-12-15,39.1366513221,39.9292165535,39.9293852422,37.8271841672
XMR,2018-12-16,39.195194527,38.9628349289,40.6547323574,38.6025373488
XMR,2018-12-17,42.816559869,39.1951628155,43.8264327563,38.6837488422
XMR,2018-12-18,44.461169644,42.8164393507,44.7556424456,42.0079001153
XMR,2018-12-19,46.175117074,45.7108989613,50.1080335166,44.2770499769
XMR,2018-12-20,53.849612128,46.1750973646,55.0420889297,44.696351005
XMR,2018-12-21,51.0795821491,53.8497928477,56.6177744457,49.5903214405
XMR,2018-12-22,50.1872253311,51.1759269045,52.4029941101,49.3096295004
XMR,2018-12-23,52.3676129642,50.1872253485,54.7157248584,50.098903525
XMR,2018-12-24,55.7257038665,52.5903108656,57.6553400147,52.1518626524
XMR,2018-12-25,50.3672698036,55.6163774582,55.8306330246,47.5214322681
XMR,2018-12-26,49.0197108358,50.3674256516,52.3165578267,46.8043728158
XMR,2018-12-27,44.0193518111,48.9848363103,49.1564540594,42.9112969408
XMR,2018-12-28,48.7982199811,44.0196361537,50.719798065,43.1505294758
XMR,2018-12-29,46.72,49.3881465,49.8458306641,46.72
XMR,2018-12-30,47.81496062,46.7424349758,48.4339976,46.2638944
XMR,2018-12-31,45.4716672693,45.6912886266,45.6915506038,45.4716014482
XMR,2019-01-01,47.2511942601,45.9549820249,47.4290413332,45.2954703883
XMR,2019-01-02,50.8249168049,47.2511948567,53.0336533167,46.8102812204
XMR,2019-01-03,49.9169637064,50.8249948231,51.6234207621,48.9428669493
XMR,2019-01-04,50.0973145957,49.8729871896,50.633114558,48.9431639884
XMR,2019-01-05,49.8315137656,50.0973145217,51.4765121957,49.2988771953
XMR,2019-01-06,53.9730640521,49.9634257903,54.2884992755,49.0779862416
XMR,2019-01-07,52.5063393231,54.4175811682,55.0412907744,51.6176078227
XMR,2019-01-08,52.7733578086,52.5063425127,54.5694831009,51.7743638584
XMR,2019-01-09,52.0391961444,52.6217515006,53.9085474763,51.146917191
XMR,2019-01-10,44.4822328523,52.0393164166,52.6613892344,43.5919985709
XMR,2019-01-11,45.1353376449,44.4816687697,46.2484722604,44.2970278978
XMR,2019-01-12,44.7281814469,45.1766138285,45.5667739365,44.211875928
XMR,2019-01-13,43.1769144833,44.7624677041,45.2462434277,42.2874453035
XMR,2019-01-14,45.2166249369,43.1770253946,45.9414549009,42.7299449715
XMR,2019-01-15,44.2815728947,45.2167740464,46.0270593548,43.9831690407
XMR,2019-01-16,45.556832003,44.2815938622,45.6465123594,44.2060035732
XMR,2019-01-17,44.9418562246,45.8254980484,46.0902756082,44.1652809094
XMR,2019-01-18,44.6273747329,44.9419317625,45.3305048877,43.9909989851
XMR,2019-01-19,45.5754306157,44.6272690419,45.9178038827,44.4583534528
XMR,2019-01-20,43.7729238689,45.5222629105,45.663866614,43.2058311446
XMR,2019-01-21,43.4696601962,43.7730988903,44.5724673176,43.198944131
XMR,2019-01-22,45.401761307,43.4682160568,45.9252746239,43.4669290367
XMR,2019-01-23,44.3238880708,45.6927478614,45.8294942101,44.3163561518
XMR,2019-01-24,45.4569251228,44.5822288555,46.1079593883,44.2929569197
XMR,2019-01-25,46.2076532565,45.2377183871,46.2926823105,44.3371639103
XMR,2019-01-26,45.1756562527,46.2078200332,46.2308841031,44.7829190906
XMR,2019-01-27,45.6569805447,45.1756568043,45.8323793344,44.4132636695
XMR,2019-01-28,42.8907587283,45.6570226761,46.0942643477,42.4065080485
XMR,2019-01-29,42.6282545791,42.9667008034,43.4937125381,42.0302381834
XMR,2019-01-30,42.9543567148,42.6283946374,43.8542593126,42.0950904408
XMR,2019-01-31,42.6091903964,43.124289521,43.5267225476,42.0261904179
XMR,2019-02-01,42.8828087742,42.6017591899,43.163187129,41.503095665
XMR,2019-02-02,41.8368341996,42.8834584715,42.884398321,40.4110189031
XMR,2019-02-03,42.0917080413,41.8368779183,42.8530822005,41.5718406298
XMR,2019-02-04,42.1008664497,42.2239294933,42.4833342677,41.4152129166
XMR,2019-02-05,42.630555094,42.0807992738,42.717711146,41.8805875525
XMR,2019-02-06,42.6073668164,42.5186750499,42.7540563591,41.5747753276
XMR,2019-02-07,43.3717954172,42.7212909111,43.4441697108,42.365263262
XMR,2019-02-08,47.2012759872,43.3724316919,48.8021620534,42.6756227216
XMR,2019-02-09,47.2001889177,47.2020046497,47.7201578158,46.454846053
XMR,2019-02-10,47.8208568757,47.1999090705,47.845723277,45.8461927724
XMR,2019-02-11,47.1535760262,47.8216160135,48.8119156562,45.9371613864
XMR,2019-02-12,47.3303564669,47.1535823364,48.110858747,46.0629811435
XMR,2019-02-13,48.3894420423,47.8486719941,49.8152996846,47.3534836874
XMR,2019-02-14,46.2621418927,48.3894420423,48.464374467,45.0344082364
XMR,2019-02-15,47.1441284366,46.0292802386,47.6414614275,45.5746716833
XMR,2019-02-16,46.0233286601,47.1436591302,47.4699945467,46.0084489994
XMR,2019-02-17,46.7104878296,46.0221594217,47.1424249597,45.7105159753
XMR,2019-02-18,48.8984269068,46.7100519314,50.5507876126,46.7058719004
XMR,2019-02-19,51.2702683114,49.6976987788,51.5963555453,49.0801209795
XMR,2019-02-20,49.8255739663,51.2697888791,51.2704936842,48.7608835653
XMR,2019-02-21,48.5476797155,49.8255802511,50.2535546325,48.4799060109
XMR,2019-02-22,50.1916249373,48.8375308955,50.4872539183,48.6794860129
XMR,2019-02-23,51.3664610677,50.1916143453,51.8251561618,49.1944783925
XMR,2019-02-24,47.4611177205,51.3662453614,53.9683425735,47.385563576
XMR,2019-02-25,47.4670660125,47.4611138491,48.4124136138,46.8435347479
XMR,2019-02-26,47.5689719801,47.4674856147,47.9405815448,46.8737347735
XMR,2019-02-27,47.439698869,47.4402406913,48.2488930067,47.0172578511
XMR,2019-02-28,47.5022235904,47.4381248378,48.5063230773,47.1319671807
XMR,2019-03-01,47.9549073138,47.5021550664,48.072242599,47.185864688
XMR,2019-03-02,47.9816979873,47.9549057644,48.0416442304,47.1301457659
XMR,2019-03-03,47.9592638078,47.9817021452,48.6616054563,47.6232404131
XMR,2019-03-04,46.8201648277,47.959319063,48.7638022997,45.7596744959
XMR,2019-03-05,48.1540890981,47.06578432,48.8876768202,46.2821089616
XMR,2019-03-06,48.66629126,48.1536492984,48.8353922048,47.3747995441
XMR,2019-03-07,49.2712708475,48.6663165281,49.9013733038,48.6466125088
XMR,2019-03-08,48.5354576679,49.2712698281,49.5642514991,47.7260360221
XMR,2019-03-09,48.4787194864,48.3712140314,49.4075551729,48.0725729388
XMR,2019-03-10,48.8682091191,48.5676582329,49.0902273407,48.2475957919
XMR,2019-03-11,48.9930885174,48.9532826229,49.0797708877,47.7077716032
XMR,2019-03-12,49.8262781554,48.9919130522,49.8699156201,47.7907498917
XMR,2019-03-13,50.1838132462,49.8262611942,50.7117376643,49.2206339206
XMR,2019-03-14,50.3598181597,50.1837321568,51.7832365193,49.3081118594
XMR,2019-03-15,51.5698343296,50.3518753509,51.6131518935,50.2016464389
XMR,2019-03-16,53.9600940612,51.5698049073,54.3786999818,51.1815283553
XMR,2019-03-17,51.8110034074,52.7980291488,53.8589260209,50.7699937368
XMR,2019-03-18,51.6136929035,51.8109873979,52.8271531175,51.0822495162
XMR,2019-03-19,54.1589800354,52.3605124143,54.1944365762,51.4357911132
XMR,2019-03-20,55.0140429603,54.1176237254,56.9609681018,52.3152860255
XMR,2019-03-21,52.9152655619,55.3610968384,55.4053223598,51.4039650967
XMR,2019-03-22,53.1038226669,52.915229109,53.5041948179,52.105653729
XMR,2019-03-23,52.7678885941,53.011546103,53.3610936918,52.0989270466
XMR,2019-03-24,52.929820178,52.7678885941,53.2004571839,52.5629970126
XMR,2019-03-25,51.6183125231,52.9298213904,53.4440962291,50.7915910047
XMR,2019-03-26,52.4024169115,51.6183125232,52.4039475274,50.3226880101
XMR,2019-03-27,53.4105431111,52.3111230827,53.7610984786,52.2652340851
XMR,2019-03-28,52.9590125057,53.4105431111,53.6326006104,52.6409666514
XMR,2019-03-29,53.7088664922,52.9590126514,54.506497179,52.2664307679
XMR,2019-03-30,53.6085623103,53.9796003258,58.6505469537,52.8292756176
XMR,2019-03-31,56.0252855801,53.6085623103,57.1458124721,53.1595991779
XMR,2019-04-01,60.7819402473,56.0252855801,60.8280001941,55.9839480914
XMR,2019-04-02,67.4665090939,60.7819238409,67.66556934,60.3600959469
XMR,2019-04-03,67.30663421,67.4666087326,72.0102914026,65.8096302046
XMR,2019-04-04,63.9225821688,66.5202034812,66.9682026828,62.2660769448
XMR,2019-04-05,68.599675365,63.9227500407,68.9488736781,63.2227210466
XMR,2019-04-06,68.0647314364,69.0064203806,70.3959091413,67.4474971975
XMR,2019-04-07,70.4867358285,68.0647320038,70.9508482228,68.0647320038
XMR,2019-04-08,71.622809041,70.4867358285,73.7085864929,69.3777507875
XMR,2019-04-09,69.743393322,71.6227009368,72.4994539556,69.4862287344
XMR,2019-04-10,71.6654333286,69.7433911909,72.7684614622,69.4495380488
XMR,2019-04-11,67.8000675702,72.7307477191,72.7843756083,63.6137739251
XMR,2019-04-12,68.0989631739,68.4761853844,70.5376308455,66.0262295817
XMR,2019-04-13,67.2809947916,68.0990571389,69.790117357,66.6089527923
XMR,2019-04-14,69.0113201092,67.4257251511,69.0626273894,66.2949918149
XMR,2019-04-15,65.7300839259,68.2909793998,69.3674519605,65.7267458266
XMR,2019-04-16,71.1954277967,65.7300839259,71.6402157187,65.7218922598
XMR,2019-04-17,68.2206696096,71.1954277967,71.5445116922,67.912665516
XMR,2019-04-18,70.5768444742,68.8504012052,71.2990121275,68.6273245411
XMR,2019-04-19,69.9902133896,70.5396366778,71.354093849,68.7275646253
XMR,2019-04-20,71.1283743356,69.9902133896,71.7559866438,69.7860702507
XMR,2019-04-21,70.7422754157,71.1283743356,72.0249493416,69.26389523
XMR,2019-04-22,71.1051998827,70.7845628923,71.4177614209,70.047291458
XMR,2019-04-23,71.6108081547,71.1051998827,73.0001573626,70.0848930333
XMR,2019-04-24,69.9948678293,72.0732425221,73.0607416457,67.851568399
XMR,2019-04-25,65.6606973141,69.9948677039,70.7447607242,64.4366072675
XMR,2019-04-26,64.5718456002,63.8409533262,66.6837833898,61.8860014589
XMR,2019-04-27,64.593379409,64.5719240322,66.3090791862,64.1079402452
XMR,2019-04-28,64.0413257706,64.593379409,65.795272775,63.6883657118
XMR,2019-04-29,63.427079507,63.7360126246,64.2213687308,61.117467893
XMR,2019-04-30,63.8816942374,63.427079647,63.8816942374,62.3203724535
XMR,2019-05-01,65.3159434298,63.8816942374,66.8530686467,63.6614157135
XMR,2019-05-02,66.8091014188,66.8503046603,67.8818092058,65.852902826
XMR,2019-05-03,68.1204250376,66.8091014188,69.2252279405,65.58655821
XMR,2019-05-04,69.8057174904,68.333996566,69.815399195,66.9805265271
XMR,2019-05-05,68.4556644855,69.3225985137,70.4322788538,67.6699809079
XMR,2019-05-06,69.5690439761,68.4556830752,69.7947503099,67.3550574358
XMR,2019-05-07,68.8794987187,69.0950082265,71.5945349644,67.8796314339
XMR,2019-05-08,69.5985096276,67.8105701136,69.642633602,66.8134049299
XMR,2019-05-09,68.2418951024,69.5985228723,70.5492543049,66.5819988157
XMR,2019-05-10,70.9846147745,68.2419281099,71.0265937968,67.4747340699
XMR,2019-05-11,78.2981390501,70.8088376344,78.3558668409,70.0326673805
XMR,2019-05-12,75.6300315928,78.2104714655,80.5080469036,71.3557046002
XMR,2019-05-13,80.1713030852,75.6300315928,81.9304837589,74.4444610816
XMR,2019-05-14,83.477522823,80.1713030782,86.3465553439,77.1845627316
XMR,2019-05-15,92.6619940605,85.5985132729,93.8310703352,83.8285516802
XMR,2019-05-16,90.8981754233,92.6619820243,101.1463572458,87.9846889044
XMR,2019-05-17,84.4907935949,90.898175424,91.4295275538,77.2195874079
XMR,2019-05-18,85.8243505799,84.4907935949,89.2487435752,84.1170038779
XMR,2019-05-19,91.7575255377,84.7782380703,91.7575622119,83.9081158916
XMR,2019-05-20,90.0040498443,91.7570603955,92.9876783721,87.6146451123
XMR,2019-05-21,91.9721284601,90.0044728437,95.898327601,90.0042126467
XMR,2019-05-22,85.887955465,91.9714865776,93.7794387827,84.4029641733
XMR,2019-05-23,87.0305111192,85.8880072925,87.4588707714,80.5345267645
XMR,2019-05-24,88.1088080606,87.0207071581,88.8872501168,85.8320601334
XMR,2019-05-25,89.6089563587,87.4080699204,90.0464689513,87.1067165477
XMR,2019-05-26,92.7213797968,89.6089624891,93.4706880694,87.1574340394
XMR,2019-05-27,97.6351087651,92.7212264592,99.038916945,92.6363204526
XMR,2019-05-28,96.6017833699,97.5290550499,98.8994147428,95.796431289
XMR,2019-05-29,97.6501099369,96.6015642419,98.2461249015,91.1379063453
XMR,2019-05-30,91.9777104441,96.6079914678,101.5710024421,27.4956742
XMR,2019-05-31,93.1212015743,91.9668346378,93.8360470243,37.8035123029
XMR,2019-06-01,93.1989037359,93.1161422235,93.9277559779,91.313025541
XMR,2019-06-02,94.9732507222,93.2058139309,96.6561890339,23.2016618629
XMR,2019-06-03,92.7791730018,94.9716194643,96.005888257,32.1191450217
XMR,2019-06-04,83.0558682427,88.7819198391,88.7880247811,80.9243968645
XMR,2019-06-05,85.0122748802,83.0981351852,86.9841408312,82.5435001435
XMR,2019-06-06,85.2419654808,85.0055434249,87.9857978083,29.6634335063
XMR,2019-06-07,88.5918868385,85.2547300321,89.8634957577,29.4666621132
XMR,2019-06-08,88.1188762146,88.5918868356,88.8946746392,15.9177588694
XMR,2019-06-09,83.0860255775,87.4498139057,88.0225239129,15.8630307314
XMR,2019-06-10,86.4609090629,83.0410869688,87.8184039001,82.3876170602
XMR,2019-06-11,86.750720717,87.0406418783,87.9375531216,35.1043884205
XMR,2019-06-12,89.8854497806,86.7302158141,90.6746992435,37.9710224832
XMR,2019-06-13,89.8956416519,90.4195839375,92.168317252,44.0224339692
XMR,2019-06-14,90.0208131822,89.9355748062,90.7703949491,85.8659177926
XMR,2019-06-15,95.049818133,90.8452101985,95.4728321724,29.1781794344
XMR,2019-06-16,96.3230701495,95.0507694385,97.9068049236,41.9008123498
XMR,2019-06-17,99.1021416639,96.4455013905,100.0621518873,95.6446979494
XMR,2019-06-18,96.1114207618,98.708913668,99.1159721019,94.2782011362
XMR,2019-06-19,100.1386885059,96.099458201,102.2660840194,23.2979592827
XMR,2019-06-20,105.2867675161,100.0571836463,108.848399849,21.4005964501
XMR,2019-06-21,107.5433745123,105.3008071119,110.2794761312,67.1054209742
XMR,2019-06-22,112.214626531,109.9923648591,119.265667865,108.7184906828
XMR,2019-06-23,115.0228540505,112.2135588694,120.4019946304,112.1488951493
XMR,2019-06-24,117.0942058559,115.0420610335,119.5841517171,45.3799519571
XMR,2019-06-25,112.3105982216,117.1445332832,118.284874019,111.3675664364
XMR,2019-06-26,101.5322860414,112.3236780656,113.1917908186,99.7881546129
XMR,2019-06-27,93.2555367286,101.5313636097,105.0366725592,86.5301144169
XMR,2019-06-28,101.3495343083,93.2469727994,102.076462925,91.9766726385
XMR,2019-06-29,99.9423943674,101.6202679628,101.6202679628,92.5334980489
XMR,2019-06-30,89.3056563453,99.9439420435,100.835534177,88.3050473157
XMR,2019-07-01,87.7475926418,89.3029597572,94.1199134199,83.5090841243
XMR,2019-07-02,86.3145453217,87.7556047687,89.3542415771,81.8040352228
XMR,2019-07-03,89.6334037015,86.1218674048,92.2793129619,85.6904928645
XMR,2019-07-04,90.7128531535,89.6333806565,93.1569518457,87.6054919134
XMR,2019-07-05,89.5061099771,87.3372098674,92.5853626048,85.9001353269
XMR,2019-07-06,94.5906603761,89.5054872469,99.3000572698,88.9546236146
XMR,2019-07-07,104.7464332497,94.58502425,107.6084386982,93.0924970247
XMR,2019-07-08,102.3932654465,104.7539011257,107.6888689982,100.9272090444
XMR,2019-07-09,99.3846276692,102.3916027306,104.7122249065,97.9746648607
XMR,2019-07-10,94.7516261716,99.5730235098,101.9780713984,92.4370348775
XMR,2019-07-11,89.8326424259,94.7564350813,95.5244932331,87.5207715869
XMR,2019-07-12,97.8339830056,89.8379724753,98.4148185799,86.1652617319
XMR,2019-07-13,92.1130263067,97.8344504161,98.2586740031,89.3385644889
XMR,2019-07-14,87.9523834048,93.521397034,94.526066312,85.7182407263
XMR,2019-07-15,89.2800306604,87.9341852146,89.6210557609,76.0595998374
XMR,2019-07-16,74.9995950279,89.2771007704,90.3508725891,74.3216466282
XMR,2019-07-17,77.6243811952,75.0089544048,80.5920497209,71.9872827713
XMR,2019-07-18,83.831236663,76.841742887,85.5463038432,75.1017954546
XMR,2019-07-19,82.2453136225,83.8311754305,85.3233006806,80.7498105561
XMR,2019-07-20,87.2204651035,82.4831408234,87.9028689871,81.6196677804
XMR,2019-07-21,84.2386703698,87.2100442796,88.0738049726,83.4565245884
XMR,2019-07-22,83.3779615215,84.2424983319,85.4535991006,81.3893557802
XMR,2019-07-23,83.1837725137,83.3778463377,84.060708302,79.970352941
XMR,2019-07-24,80.6862911527,81.4668290801,82.1017917551,78.5572889954
XMR,2019-07-25,81.2362103433,80.6867780508,83.7162173086,80.2781068565
XMR,2019-07-26,80.021150388,81.2335735432,81.3540162286,78.8196320962
XMR,2019-07-27,78.6099540889,80.0149457894,83.3106732909,77.4506568171
XMR,2019-07-28,80.214704679,78.9206196498,83.5155228933,76.9551307615
XMR,2019-07-29,78.6224340686,80.2091134449,81.4346696199,77.9856997426
XMR,2019-07-30,78.9023753049,78.6444965809,80.8284728102,77.6701289124
XMR,2019-07-31,80.083207804,78.9039286374,82.8551868528,78.1248212556
XMR,2019-08-01,82.1369057954,80.0803400823,82.8780102182,79.9546663949
XMR,2019-08-02,83.9153070484,82.1418095095,85.2174017307,81.89607341
XMR,2019-08-03,88.0669789358,83.9039300649,88.1203688633,83.8620285327
XMR,2019-08-04,88.3445882948,88.0662556835,88.7604928845,85.876103698
XMR,2019-08-05,93.5564565937,88.3595162479,94.9832064583,87.9242765754
XMR,2019-08-06,88.474720873,93.5631447646,96.858727721,88.0829832902
XMR,2019-08-07,97.0959165981,88.4880750536,97.3790196179,88.4060629141
XMR,2019-08-08,94.3052229746,97.0947445007,97.5497077536,91.2575921403
XMR,2019-08-09,93.2401007804,94.3094450758,95.8847230023,91.0260337366
XMR,2019-08-10,90.3968583011,93.2399587765,94.7850350469,90.1669120149
XMR,2019-08-11,92.2695594814,90.2642748377,92.4788408631,89.2857718237
XMR,2019-08-12,91.1268102071,92.3103564729,92.5238400879,89.7055253552
XMR,2019-08-13,85.3759205682,91.1243086079,91.5199713495,84.5745165664
XMR,2019-08-14,79.7207254118,85.4315197254,85.4374956301,78.6167678629
XMR,2019-08-15,81.7075357789,79.7234610033,81.9966024526,75.4843824938
XMR,2019-08-16,82.3515384083,82.3533472788,83.3814694159,77.8295650894
XMR,2019-08-17,81.8834924348,82.3563446891,83.6024006577,80.6593000987
XMR,2019-08-18,87.0332215115,81.6878297382,87.1599499829,81.6154370572
XMR,2019-08-19,89.8383647047,87.034240946,89.8894565609,84.4010369478
XMR,2019-08-20,85.9022784182,89.8374952283,90.9046331459,84.4068574449
XMR,2019-08-21,80.2857512932,85.9131379414,86.0953068905,78.9947996488
XMR,2019-08-22,82.8394285976,80.2903136293,83.1668874211,78.6141621092
XMR,2019-08-23,82.0282467554,82.044277093,83.6425079799,81.1382206432
XMR,2019-08-24,80.5112170295,82.0594845466,82.1377684058,78.7088673712
XMR,2019-08-25,79.6544616972,80.5076936043,82.294105952,78.972144499
XMR,2019-08-26,79.231726491,80.4163073968,84.038818334,78.9653563698
XMR,2019-08-27,77.8636557962,79.2202783797,79.9032302235,77.6200781322
XMR,2019-08-28,72.3957899248,78.4519404528,79.5652478727,71.4730766516
XMR,2019-08-29,67.9301477571,72.3973817105,72.4232329471,67.9131039102
XMR,2019-08-30,68.1518245553,67.9234045033,68.2234666409,65.6320696935
XMR,2019-08-31,67.6074596079,68.0008805527,68.077803198,66.3528112451
XMR,2019-09-01,72.5848395349,67.6069056104,74.885641637,66.8015407054
XMR,2019-09-02,73.0180109917,72.5897891949,74.1853541503,70.0053555671
XMR,2019-09-03,75.3455497952,72.9907448412,75.7008978845,72.9407574405
XMR,2019-09-04,73.0194198748,75.3470323426,75.4757115922,71.4879598082
XMR,2019-09-05,75.9291246741,72.9780910625,76.7332816069,72.9111542884
XMR,2019-09-06,75.5939624729,75.9301956761,79.9471031928,74.9849548523
XMR,2019-09-07,78.2615284993,75.5835819602,78.6544272186,73.9939694731
XMR,2019-09-08,77.1391157763,78.2484053927,79.2529769409,75.9277634672
XMR,2019-09-09,74.6898347919,77.1284193468,77.443507073,74.3068810081
XMR,2019-09-10,71.9939701394,74.6898347919,76.0071021919,71.5417945637
XMR,2019-09-11,72.9472635906,72.0758192983,74.0295095438,69.5349122068
XMR,2019-09-12,75.0739952128,72.9504574046,75.6498111433,71.6677417516
XMR,2019-09-13,74.8424172605,75.0741179261,75.3033603958,72.9230645874
XMR,2019-09-14,75.9836175967,74.8491755545,76.9764449415,73.9427077831
XMR,2019-09-15,75.518095534,76.1588713146,76.6532897788,74.2017685416
XMR,2019-09-16,75.8189831893,75.5180562924,76.6026399033,71.46255193
XMR,2019-09-17,74.6730051643,75.8239021759,75.8947832732,73.3123007876
XMR,2019-09-18,79.8830158259,74.6699159725,81.7553574189,73.7007488931
XMR,2019-09-19,75.9892885623,80.9167744372,81.5444442976,72.753746716
XMR,2019-09-20,74.1093185695,75.9904133501,77.8437751072,72.6229750528
XMR,2019-09-21,72.7100132761,74.1094553019,74.4584323189,72.2368887108
XMR,2019-09-22,72.8418022225,72.7083647021,74.2136107754,70.8962435116
XMR,2019-09-23,68.7114351299,72.8112257709,73.3271274094,68.2006931952
XMR,2019-09-24,59.9252073982,68.7074940466,70.0666106646,56.4270107573
XMR,2019-09-25,59.1486724671,58.7299763446,61.3601459577,57.6574879129
XMR,2019-09-26,57.7918042085,59.1555729189,60.0677795407,54.5278110301
XMR,2019-09-27,57.6062182312,57.794324422,60.679484717,55.2304246281
XMR,2019-09-28,57.2428205237,57.6085565692,58.4362402869,56.215155907
XMR,2019-09-29,56.2523267925,57.2472314261,57.7275057241,54.5996181704
XMR,2019-09-30,56.4244763974,55.9485086889,57.4839864567,53.4415172137
XMR,2019-10-01,56.1173687455,56.8953711826,58.133575443,55.7050689605
XMR,2019-10-02,55.464670335,56.1258893165,56.9278521226,54.5193830141
XMR,2019-10-03,56.1923323491,55.4643134558,57.2290271785,54.2193042487
XMR,2019-10-04,57.4713564664,56.3142230131,57.9161533595,54.0128925167
XMR,2019-10-05,56.4690856654,57.4713183337,57.7293353861,55.3819535273
XMR,2019-10-06,54.6050360375,56.5180919619,56.7244769215,54.2848603661
XMR,2019-10-07,56.2697680831,54.6383778285,57.1295493877,54.2358913209
XMR,2019-10-08,55.5450833267,56.2699643345,56.9129118274,55.091496796
XMR,2019-10-09,57.2912600545,55.529051047,57.5382785566,54.9026739016
XMR,2019-10-10,55.8140425573,57.291148607,57.5346493458,55.0693345381
XMR,2019-10-11,54.5721189296,55.8140047585,56.7524570737,54.3676911396
XMR,2019-10-12,53.771509788,54.572535904,54.8587184196,53.4494374583
XMR,2019-10-13,52.8344365789,53.6391296136,54.0470453698,52.5010906363
XMR,2019-10-14,52.7208132461,52.8346346917,53.5916219375,52.4211959421
XMR,2019-10-15,52.07024604,53.0791679201,53.9329739823,51.6276387
XMR,2019-10-16,55.0650764286,52.0820321729,55.1956785973,51.7473154369
XMR,2019-10-17,56.4314119832,55.0657311345,60.4988493896,54.4916751053
XMR,2019-10-18,56.6054194662,56.4312775371,58.3453564406,55.1948212419
XMR,2019-10-19,54.8705184535,55.265304179,55.2962598803,53.4730230152
XMR,2019-10-20,56.2694194599,54.8729443448,57.3170694557,53.7332603839
XMR,2019-10-21,58.2246641681,56.4126325046,59.3432179675,55.8302654265
XMR,2019-10-22,56.8250894298,58.2488996622,58.6837740989,55.8762756363
XMR,2019-10-23,52.1657382254,56.625047195,57.3477702184,52.0528994635
XMR,2019-10-24,53.7129503412,52.1656318082,54.5056948685,50.9371475961
XMR,2019-10-25,58.5857237781,53.370203047,60.0744145999,52.278494966
XMR,2019-10-26,56.0828267119,58.5911827821,65.9037137858,55.1770729278
XMR,2019-10-27,60.3748126155,56.7949374259,61.371879688,55.6475552635
XMR,2019-10-28,61.2304631497,60.3848923324,61.7080282305,58.760462922
XMR,2019-10-29,59.3109346856,61.2317236525,63.0781848949,58.9531048514
XMR,2019-10-30,58.6956668781,59.3139227058,59.6508284308,57.3137886054
XMR,2019-10-31,58.8027785657,58.6954641047,60.0469648594,57.0943059598
XMR,2019-11-01,60.5358118272,58.8189212421,61.1145985217,58.3097420794
XMR,2019-11-02,61.9953209023,60.7021646786,63.0616329701,60.4503708207
XMR,2019-11-03,64.1617074265,61.9963235396,65.0417462633,61.0707190796
XMR,2019-11-04,62.9744867755,64.151384182,64.3022702283,62.4339544555
XMR,2019-11-05,62.84339485,63.1269472321,63.6719158168,61.7637627714
XMR,2019-11-06,64.1121535216,62.8438694451,64.4456104805,62.4046571981
XMR,2019-11-07,63.0781163618,64.1091511459,66.9311462653,62.662234186
XMR,2019-11-08,60.7723853237,63.0175845924,63.5332177367,59.7714800006
XMR,2019-11-09,61.8063320162,60.7758179419,62.3404268058,60.4397753451
XMR,2019-11-10,64.0587995857,61.8033723443,64.6375933471,61.7214993921
XMR,2019-11-11,61.6488272926,64.052135428,64.1453254421,60.8677275482
XMR,2019-11-12,61.8595441696,61.6491398566,65.6376895118,61.4192836105
XMR,2019-11-13,64.8346877642,61.8559151462,65.3701844416,61.7752641171
XMR,2019-11-14,64.965414921,65.0234636453,65.3080163171,63.5733129419
XMR,2019-11-15,61.9087214187,64.9662792124,65.5724955531,61.8100418116
XMR,2019-11-16,61.480379824,61.9085717858,62.654633475,60.9300309087
XMR,2019-11-17,61.927795684,61.4803871716,62.9774829367,61.3025420111
XMR,2019-11-18,58.4946369341,61.7342407949,61.8852024881,57.6338776147
XMR,2019-11-19,58.4725249933,58.4945338591,59.514865681,57.7389775566
XMR,2019-11-20,57.9207683777,58.457518431,59.1317790646,57.5541019591
XMR,2019-11-21,53.5389204055,57.9183360657,58.5583427833,53.0768790446
XMR,2019-11-22,51.0414211857,53.5388216643,54.8550097959,47.8026194364
XMR,2019-11-23,51.6620528307,51.0488928482,52.0433335746,49.9480511397
XMR,2019-11-24,48.6696281633,51.6698262443,51.8931273581,47.813668018
XMR,2019-11-25,50.6731856577,47.4663596325,52.5384762438,45.5770226408
XMR,2019-11-26,51.1446624286,50.6773372961,52.0387970432,49.6029771587
XMR,2019-11-27,55.6264790134,51.1494232749,57.1926652074,49.9571872039
XMR,2019-11-28,53.8366885553,55.6230723874,56.8006686638,53.6621215404
XMR,2019-11-29,55.5998058697,53.8033148674,56.1813114057,53.6599511132
XMR,2019-11-30,54.6616298523,55.8170943235,56.1243802714,53.7377621042
XMR,2019-12-01,53.354047794,54.6622730582,54.9144155206,52.3891057255
XMR,2019-12-02,54.421844421,53.354047794,54.5767450637,52.3571740824
XMR,2019-12-03,53.87754413,54.0244134526,55.3779684775,53.3572011372
XMR,2019-12-04,52.7134972293,53.8786589524,57.0552177892,51.7146713948
XMR,2019-12-05,53.925650323,52.7207338261,54.2639320809,51.9794281865
XMR,2019-12-06,54.1422530252,53.7764522579,55.259513818,53.5105156009
XMR,2019-12-07,54.3292250006,54.1419178794,55.0418908777,53.4402684967
XMR,2019-12-08,53.8977027311,54.3293285604,54.8926838824,53.5622685729
XMR,2019-12-09,53.3262561124,53.903694121,54.4218503851,53.0390226407
XMR,2019-12-10,52.8069729148,53.3265127844,54.6284625292,52.1154060136
XMR,2019-12-11,53.0218708871,52.8093395384,53.41615143,52.4328902704
XMR,2019-12-12,52.8980522464,52.885612523,53.8741575656,51.8856805749
XMR,2019-12-13,52.3234025979,52.8252993265,53.2953239475,52.2844820604
XMR,2019-12-14,51.3684098557,52.3235503944,52.628363461,50.8495117958
XMR,2019-12-15,50.7650468265,51.3684906567,52.0264983072,50.6169377941
XMR,2019-12-16,49.1422922808,50.7624667951,51.038479727,48.2892445393
XMR,2019-12-17,44.7666742441,49.1492724796,49.28175131,44.6398810508
XMR,2019-12-18,49.0221159702,44.7664001366,49.1590948572,43.7753191829
XMR,2019-12-19,47.2027828189,47.8188715093,49.7515269103,46.0624280938
XMR,2019-12-20,46.4463125914,47.2008677607,47.4886699669,46.2388179817
XMR,2019-12-21,46.0212616739,46.4479900336,47.0019272187,45.7599965632
XMR,2019-12-22,46.0707864791,46.0128690808,47.0675000566,45.6210139344
XMR,2019-12-23,46.2446906335,46.0706412735,47.7172853016,45.9957496504
XMR,2019-12-24,45.9856671112,46.2451202013,47.1243316203,44.9648151569
XMR,2019-12-25,45.9491302707,45.9826774284,46.6784928337,45.0302650037
XMR,2019-12-26,45.141812361,45.9477289319,46.4944714836,44.7722545864
XMR,2019-12-27,44.9384934646,45.1415231532,46.0149011792,44.3556593291
XMR,2019-12-28,45.4166607484,44.9405116106,45.7863274521,44.8514026709
XMR,2019-12-29,46.6351443729,45.416696578,47.0776750536,45.1443128122
XMR,2019-12-30,45.7061094895,46.4493445648,46.5992054796,45.47939212
XMR,2019-12-31,44.5766953228,45.7100085792,46.1427441184,44.4194705745
XMR,2020-01-01,45.664293797,44.5767780517,45.806255566,44.3873523518
XMR,2020-01-02,45.1314424478,45.6609023074,45.9991241013,44.1529709031
XMR,2020-01-03,51.6612700965,45.1314424478,51.7849052647,45.1202840726
XMR,2020-01-04,50.1289871724,51.6483351465,51.6966122678,49.7332488418
XMR,2020-01-05,53.4277826078,50.1278353329,54.2346835766,50.0013853933
XMR,2020-01-06,58.3870497941,53.6025773242,58.5502138061,53.5982190831
XMR,2020-01-07,57.9939327744,58.3963087485,60.0591164514,55.4750302351
XMR,2020-01-08,58.6509156152,57.9984550332,60.3282194983,55.5208960869
XMR,2020-01-09,58.6178177905,59.3870783742,59.4975682126,56.8224554724
XMR,2020-01-10,57.9694585311,58.620982025,59.5881055361,56.8388329083
XMR,2020-01-11,59.2387842164,58.4683696769,64.1464590381,57.9380896303
XMR,2020-01-12,59.0953998029,59.2375319605,59.9165978644,57.2669266861
XMR,2020-01-13,57.8891688821,59.10620434,59.2488840507,56.6987957203
XMR,2020-01-14,62.6078039426,57.8441947389,62.919048069,57.7777448144
XMR,2020-01-15,68.6785080765,62.6134081049,69.129629188,61.8713464752
XMR,2020-01-16,65.8421569775,68.6766314987,68.8564595558,62.5862152437
XMR,2020-01-17,69.3288554208,65.8420478695,71.7645965315,64.0183564013
XMR,2020-01-18,67.6693119681,69.3357394476,70.7595026814,66.1457835597
XMR,2020-01-19,64.1776802577,67.669290223,69.3547748892,62.7589748903
XMR,2020-01-20,65.5985927395,64.1787547972,66.4252660151,62.180566721
XMR,2020-01-21,65.5683439809,65.5987114766,66.8194905039,64.0454813988
XMR,2020-01-22,64.7432906533,65.5558305072,66.3558399269,64.1917160517
XMR,2020-01-23,62.4700468914,64.7432906533,64.9529198009,60.9443435948
XMR,2020-01-24,61.9266728827,62.2727680287,62.8427624305,57.9134646074
XMR,2020-01-25,61.6662833413,61.9265991784,62.3808945678,59.7796302198
XMR,2020-01-26,63.2665198019,61.6694220499,64.3081824052,60.9144204953
XMR,2020-01-27,65.4464273162,63.2665426109,66.1761847276,63.2545111282
XMR,2020-01-28,66.4102847157,65.4455132448,67.2792964296,65.1428659213
XMR,2020-01-29,70.105235411,66.4108106553,70.6992761542,66.3882244388
XMR,2020-01-30,74.2461006056,70.1059128177,74.4689001909,68.4225946029
XMR,2020-01-31,72.3094047867,74.2838598231,75.8856684755,69.3098858834
XMR,2020-02-01,73.1495602796,72.309355335,73.7867705194,71.2401445757
XMR,2020-02-02,75.7411477519,73.0921063034,77.7445878497,70.9453034301
XMR,2020-02-03,76.8477827782,75.7412482151,77.989875991,74.3035184147
XMR,2020-02-04,75.0540724882,76.7286346019,77.2633336913,73.5980070762
XMR,2020-02-05,77.5045816097,75.03447247,79.2208313244,74.4755376606
XMR,2020-02-06,77.4746700554,77.7919821547,79.9945315486,76.3650793912
XMR,2020-02-07,78.9574086351,77.4745975468,80.739955994,77.4373016554
XMR,2020-02-08,80.94047789,78.9570888741,81.6868875348,76.8650096322
XMR,2020-02-09,86.4434536923,80.6833479535,87.1697398197,80.5266988383
XMR,2020-02-10,84.2866903031,86.4434462074,87.890274527,83.387081954
XMR,2020-02-11,88.86436369,84.5218570665,89.0788239326,82.663304134
XMR,2020-02-12,94.7327728276,88.8658251004,94.9808858452,88.717814548
XMR,2020-02-13,93.1693291412,94.7311599057,95.4033472181,90.1064412259
XMR,2020-02-14,95.1768857932,92.8236651125,96.4998556922,90.9259928802
XMR,2020-02-15,89.8916019467,95.1766779831,96.8654176397,86.6384268066
XMR,2020-02-16,86.8655877722,89.8916825216,92.1375030346,79.7902357012
XMR,2020-02-17,82.0573769527,88.370511098,88.8849951324,79.5763464562
XMR,2020-02-18,86.1936475836,82.0576272751,87.5058693327,81.3093921533
XMR,2020-02-19,79.5979105252,86.2085025678,86.8828238593,76.5596385573
XMR,2020-02-20,76.679772768,77.7523717643,79.0819537324,75.0816050625
XMR,2020-02-21,79.9535949725,76.682186178,82.0138522845,75.8576966151
XMR,2020-02-22,79.222520115,80.4612546963,82.9174597014,78.1902657864
XMR,2020-02-23,84.7798852652,79.2230250253,85.1483117212,78.9469470076
XMR,2020-02-24,78.6670688373,84.7802750728,86.4901247465,76.9764916342
XMR,2020-02-25,77.6520528366,78.6654606266,81.9614061567,75.5361725905
XMR,2020-02-26,70.5349586608,77.6515725065,77.9107621271,68.3318109229
XMR,2020-02-27,70.136429236,70.5324166313,72.6057963375,66.8448664527
XMR,2020-02-28,69.2048842837,70.294868851,71.5231204584,65.9444828476
XMR,2020-02-29,66.7934500532,69.1986006068,69.5754036105,66.604730272
XMR,2020-03-01,64.7950535255,66.8208867322,67.6740576878,63.2656693451
XMR,2020-03-02,68.7311412556,64.7911574966,69.3941513179,64.2722624437
XMR,2020-03-03,65.8537105368,68.8559331158,69.0131241669,65.058839106
XMR,2020-03-04,65.8533624676,65.8623135584,68.0277184469,64.9802264348
XMR,2020-03-05,68.7881650038,65.8556938716,70.1361843558,65.6284877326
XMR,2020-03-06,68.554552825,68.5274965268,69.8514968334,67.8127364048
XMR,2020-03-07,66.1788537552,68.5517485648,69.6322984559,65.3606063632
XMR,2020-03-08,58.1516483298,66.1810904098,66.218125781,56.9518493682
XMR,2020-03-09,54.9938091587,58.1516490716,58.8367419267,52.3268605916
XMR,2020-03-10,55.3562413672,55.7681292427,57.1295173377,53.6767323608
XMR,2020-03-11,54.0519418071,55.3587063515,55.9770465827,51.0643009085
XMR,2020-03-12,38.6695552716,54.0578515794,54.3327053084,36.0305566406
XMR,2020-03-13,37.6489528862,38.665346148,40.8478029839,25.7973476727
XMR,2020-03-14,37.019022964,37.6484205872,40.3126145774,36.1345951181
XMR,2020-03-15,38.101438823,37.019306811,42.0477504688,35.4984826298
XMR,2020-03-16,32.6323512764,38.1037266579,38.6175926621,29.255909219
XMR,2020-03-17,37.2238803974,32.6319389061,37.6984688448,32.5191941279
XMR,2020-03-18,36.607239399,37.221962212,37.5796768883,34.1945892483
XMR,2020-03-19,42.3748294556,36.607455454,42.9569311339,36.2614106287
XMR,2020-03-20,40.0356933681,42.3888382797,45.6479526183,36.4242142259
XMR,2020-03-21,41.2422875997,40.0320669631,42.9441466893,38.5761019436
XMR,2020-03-22,38.4004116708,41.2419150255,42.7186833297,37.9121219511
XMR,2020-03-23,43.8360801462,38.2598777699,44.4825792615,37.7290528872
XMR,2020-03-24,47.6055104532,43.8358638534,48.1362056177,43.4973885352
XMR,2020-03-25,47.0679620624,47.5995962071,48.3350924474,45.3773889029
XMR,2020-03-26,50.0351391269,47.1806091305,51.1742009418,47.1806091305
XMR,2020-03-27,50.4961787501,50.0334776011,51.6124122431,48.6950605643
XMR,2020-03-28,47.3890626226,50.4963864357,50.4972992082,45.0797293556
XMR,2020-03-29,44.4394482769,47.3897700632,47.4475044503,44.2087193728
XMR,2020-03-30,47.1005035696,44.0602293964,47.8059216057,43.8903740446
XMR,2020-03-31,47.883674644,47.0879403442,48.3151322661,46.4543427967
XMR,2020-04-01,48.2649250604,47.8862894669,48.6630145188,46.5673418839
XMR,2020-04-02,51.0949356743,48.2660151162,53.0857488795,48.1065860354
XMR,2020-04-03,53.2651255006,50.5502637468,54.3927936039,50.3293089621
XMR,2020-04-04,54.1847094387,53.2590026441,55.3234002438,52.2634794537
XMR,2020-04-05,53.6292580113,54.2125373846,54.3887842241,52.7230926068
XMR,2020-04-06,58.1917522752,53.6292717454,59.1193256933,53.2752034832
XMR,2020-04-07,55.8850757871,58.1917522751,60.4679735588,54.8537112181
XMR,2020-04-08,57.9588725873,55.885708854,58.313168415,55.5843780702
XMR,2020-04-09,58.8674580617,57.953850467,59.5171421459,56.2419794096
XMR,2020-04-10,53.7437853812,58.8672632167,58.8947637339,52.667183319
XMR,2020-04-11,53.6747763448,53.7392220469,54.8817443969,52.6453385368
XMR,2020-04-12,54.641332416,53.6746990628,55.748904168,52.9742392051
XMR,2020-04-13,53.5538580718,54.6413324156,54.7939525303,51.167584194
XMR,2020-04-14,54.5780291985,53.5538580711,55.2962416804,52.8573706595
XMR,2020-04-15,54.3027028582,54.5755448664,55.144983845,53.429205087
XMR,2020-04-16,57.3345561332,53.2206113294,57.3796538437,51.8162130698
XMR,2020-04-17,56.7051364431,57.3381596794,57.735523003,56.0625844615
XMR,2020-04-18,58.5862471756,56.7038109012,58.8548324328,56.1181572061
XMR,2020-04-19,57.8300233363,58.5886593024,58.5964737776,56.5162074633
XMR,2020-04-20,55.2993293852,57.830773855,58.4541386654,54.0948160568
XMR,2020-04-21,55.5956283065,55.2993199965,55.8628134931,54.1460166386
XMR,2020-04-22,56.8372839759,55.5956042262,57.4497342139,54.8319538939
XMR,2020-04-23,60.6472937896,56.8374356753,60.9717234998,56.2489532917
XMR,2020-04-24,60.7703888334,59.29731686,62.4426688355,59.216015712
XMR,2020-04-25,60.5980966765,60.7673103405,62.406578039,59.9180632089
XMR,2020-04-26,61.0509126989,60.5941501216,62.1020611043,60.0065613455
XMR,2020-04-27,62.4655466945,61.0617555686,62.5112044167,60.9883686058
XMR,2020-04-28,62.5350505358,62.4589896779,63.9253288896,61.3815692313
XMR,2020-04-29,65.8519022891,62.5396564747,67.0069995776,61.7631326728
XMR,2020-04-30,63.1748844718,65.8331899366,68.534304371,61.214161645
XMR,2020-05-01,63.3384188259,63.1754729837,65.1248544708,61.900734733
XMR,2020-05-02,64.5308870174,63.3400275196,65.1311550546,63.3219523079
XMR,2020-05-03,62.8423861243,64.7680361059,65.3118539068,61.9828921542
XMR,2020-05-04,60.8897656145,62.8427435463,62.9113633139,58.7235746516
XMR,2020-05-05,60.3910257168,60.8905554455,62.0586405497,59.8464412432
XMR,2020-05-06,59.576485585,60.4063472877,62.1209277318,59.0759358598
XMR,2020-05-07,63.8228425398,59.5745196674,65.0135168747,57.4372417819
XMR,2020-05-08,63.7981150733,63.8214203044,65.9368627698,63.7555169661
XMR,2020-05-09,62.9114591087,63.7999329026,65.0348538663,62.7971460613
XMR,2020-05-10,59.1001600278,62.9129993226,63.7007991138,53.8990256174
XMR,2020-05-11,58.9251269636,59.1000890854,61.9983858116,55.9075719644
XMR,2020-05-12,61.6489922061,59.0457997355,62.358695467,58.6979733876
XMR,2020-05-13,65.0800679112,61.5827763357,66.2704513497,61.5141730826
XMR,2020-05-14,65.4300461205,65.0796253643,65.748179123,62.8740151563
XMR,2020-05-15,63.3376235264,65.2704222694,65.7330381424,62.3308816778
XMR,2020-05-16,65.4311282173,63.3382221137,65.8277111109,62.1408342345
XMR,2020-05-17,65.1048101057,65.4288723423,67.0820171905,64.7330754437
XMR,2020-05-18,67.0246259299,65.1464649747,67.6824727099,65.0604720516
XMR,2020-05-19,66.6201499513,67.0171521365,67.6762298569,64.9830136958
XMR,2020-05-20,64.7869781207,66.6189183761,67.0960684774,63.6712062948
XMR,2020-05-21,61.9846675596,64.784717294,65.0979279128,59.9166010527
XMR,2020-05-22,63.4219763485,61.9843044671,63.5356486186,60.9986085991
XMR,2020-05-23,64.3423422546,63.4219763558,65.0142056538,62.6222623033
XMR,2020-05-24,62.7734440786,64.340580094,64.5819679604,61.4565468564
XMR,2020-05-25,61.3043965763,62.7732990373,62.9421691979,60.0507242915
XMR,2020-05-26,61.7966724525,61.300972317,62.4112012168,60.820853189
XMR,2020-05-27,64.1613069317,61.7966724126,65.5544465644,61.4249378271
XMR,2020-05-28,66.6727879827,64.1604324603,66.9127716223,61.4340020744
XMR,2020-05-29,66.1890869911,66.6729854422,67.8173750097,65.7774256599
XMR,2020-05-30,68.5327822938,66.1334520037,68.7545716337,65.3497775384
XMR,2020-05-31,64.7333774819,68.5300153882,68.6706589069,64.205649209
XMR,2020-06-01,68.0132693544,64.7314733605,68.4904557391,63.3051126231
XMR,2020-06-02,66.4859526037,67.9649746431,70.3361264874,63.5619412278
XMR,2020-06-03,67.1823741936,66.4859525688,68.2415903938,66.101778725
XMR,2020-06-04,68.0012396505,67.1826330321,68.7338733546,65.6475774044
XMR,2020-06-05,67.706367396,68.0031101582,69.245206066,67.1970920249
XMR,2020-06-06,67.9230413014,67.7038201843,68.1243108868,66.9972088183
XMR,2020-06-07,66.3796186901,67.9230395548,68.1612036654,64.7373972754
XMR,2020-06-08,68.262663639,66.3833009757,68.3147351778,66.2977022847
XMR,2020-06-09,68.1563543232,68.2471488713,68.7401830608,67.3820910615
XMR,2020-06-10,69.4955107045,68.1544326295,69.7824010339,67.4713097623
XMR,2020-06-11,63.5982585866,69.495480855,70.1039166464,63.2325527954
XMR,2020-06-12,65.6825674614,63.6020327076,66.5901041065,63.0078610253
XMR,2020-06-13,66.4620528565,65.6832535587,66.5702796844,65.0698942685
XMR,2020-06-14,65.5399104934,66.4620528565,66.6070836837,64.5862987254
XMR,2020-06-15,64.781781232,65.534356232,65.5956656161,61.7960133737
XMR,2020-06-16,65.8015113774,64.7833379501,65.9758325597,64.3293789196
XMR,2020-06-17,65.308281745,65.7996828536,66.9011620976,64.5899412261
XMR,2020-06-18,64.9531603329,65.3099006735,65.9550148473,64.23216778
XMR,2020-06-19,64.1327080714,64.9532833624,65.3579497362,63.3910677891
XMR,2020-06-20,63.8335053553,64.1334367841,64.5568666779,63.4066903919
XMR,2020-06-21,64.3538671049,63.8333954401,64.9961266762,63.8187009599
XMR,2020-06-22,66.0788693903,64.3507890713,66.9506637182,64.346686285
XMR,2020-06-23,66.7598672779,66.0806230967,67.3141434545,65.3972966206
XMR,2020-06-24,64.8124163888,66.7598672781,67.5524401113,63.9558076663
XMR,2020-06-25,64.3307147886,64.8116607318,65.0912993983,63.0407668659
XMR,2020-06-26,64.0705334694,64.3310923884,64.5168168528,62.9522113821
XMR,2020-06-27,62.2305238369,64.0704997845,64.3123955914,60.2475215019
XMR,2020-06-28,62.954506152,62.2566450615,63.6139527364,61.7658461325
XMR,2020-06-29,64.0739834381,62.9554250382,64.7906668347,62.4446604652
XMR,2020-06-30,63.6044919688,64.0739117991,64.5694315898,63.2763727502
XMR,2020-07-01,64.608307929,63.5577427258,64.7194922542,63.2538574208
XMR,2020-07-02,66.0360172873,64.5740950925,66.6792106013,62.5028251941
XMR,2020-07-03,63.0213089168,65.2776095966,65.8186331207,62.7083721619
XMR,2020-07-04,63.9095943291,62.7066308027,64.869384931,62.5315228308
XMR,2020-07-05,63.1430597418,64.2226669898,64.6408039491,61.8477200584
XMR,2020-07-06,64.3545117921,63.3483238713,64.8496626242,62.8603748889
XMR,2020-07-07,64.4277000777,64.9308557648,65.0975987598,63.7735450826
XMR,2020-07-08,66.6997481831,64.6745614145,67.1902688,64.1730105417
XMR,2020-07-09,67.9775609613,66.3054183872,69.2962775866,65.1036651727
XMR,2020-07-10,67.4644326165,67.2820715935,68.3347872756,65.2259796578
XMR,2020-07-11,68.6643157445,67.2496333578,69.8160813478,67.1420877254
XMR,2020-07-12,69.0749309001,68.8023337589,70.2969865081,68.1668500167
XMR,2020-07-13,69.3058443915,69.2799897274,70.0367132893,67.7335875346
XMR,2020-07-14,68.1464537698,69.2176527394,69.2445288558,66.8441783843
XMR,2020-07-15,70.691736989,67.9135223724,72.5606278837,67.4779865742
XMR,2020-07-16,67.3683692207,70.5563885478,71.5168221561,66.5365493318
XMR,2020-07-17,67.563455783,67.6590834236,68.3385152121,67.0231974702
XMR,2020-07-18,68.1741045592,67.6501567616,69.2908548745,67.0688098749
XMR,2020-07-19,68.8900902018,68.4690608327,69.0630310051,67.734109644
XMR,2020-07-20,69.278379807,68.8985718638,70.3027916545,68.8306823519
XMR,2020-07-21,69.89543649,69.3731574396,71.78320918,69.1278181866
XMR,2020-07-22,71.0432273969,69.7390554341,71.1477354322,69.380629424
XMR,2020-07-23,73.4632648684,71.5677047562,74.1347843823,70.9780325107
XMR,2020-07-24,72.0367256307,73.130990623,73.1309907218,71.4294773574
XMR,2020-07-25,73.6407520245,71.7161748865,74.1142767651,71.657516167
XMR,2020-07-26,77.611294161,73.6939600406,78.1024087071,73.1986657758
XMR,2020-07-27,79.1830029111,78.1992573502,79.6275695954,75.2196629849
XMR,2020-07-28,81.7258046221,78.6089088568,83.4164800295,78.5998297342
XMR,2020-07-29,80.41349191,81.3556521537,82.8809124715,80.3707639156
XMR,2020-07-30,81.626866118,79.2427149153,82.6568688349,78.5736688754
XMR,2020-07-31,84.0992762247,81.0351085596,84.1141790113,80.447225574
XMR,2020-08-01,89.442971652,84.6616632737,90.300925837,83.5615531598
XMR,2020-08-02,85.2727104127,89.7809783493,91.1106078357,79.2065678122
XMR,2020-08-03,89.1377960946,85.0044008792,89.7623289239,84.0128869858
XMR,2020-08-04,87.6505997577,89.1545002657,89.780199973,85.8978327085
XMR,2020-08-05,89.6487374339,87.2930923074,90.7311368789,86.1835886342
XMR,2020-08-06,93.8924207366,90.4666098457,94.9640990825,88.5007542477
XMR,2020-08-07,94.3251276275,95.6149112541,95.7234531918,90.7476758166
XMR,2020-08-08,94.9593710969,94.1088033482,95.3035412919,91.9227980543
XMR,2020-08-09,93.1358848485,94.9124437475,95.0853687855,92.3029624011
XMR,2020-08-10,93.3756457883,93.0015544437,94.6859634969,89.7961743548
XMR,2020-08-11,85.5993542838,93.8532371831,94.8741486287,84.4215375273
XMR,2020-08-12,89.5601867454,87.3307899668,89.6818113979,84.2602681716
XMR,2020-08-13,91.662815505,89.5901359472,91.8960592441,85.8016287721
XMR,2020-08-14,92.0161730353,92.0597292511,93.6807595466,89.9928089641
XMR,2020-08-15,90.3196167732,91.5822079164,91.9071895108,89.7760872079
XMR,2020-08-16,91.1802732273,89.8778557304,91.3965823544,88.1389071131
XMR,2020-08-17,94.6453437465,91.2124590871,95.1738462436,89.4828790422
XMR,2020-08-18,94.0359906147,93.5991055517,97.2337588208,91.5617150713
XMR,2020-08-19,91.2133544468,93.5546972731,94.5892756455,89.0598927841
XMR,2020-08-20,100.4979946913,91.4284654657,101.0858113727,91.4071435718
XMR,2020-08-21,93.6788620571,101.6254914626,106.0441539049,92.3265893747
XMR,2020-08-22,94.7551705873,92.300235702,94.7708255417,88.9080283056
XMR,2020-08-23,90.8720027259,94.6158720414,94.9747767781,90.6836493142
XMR,2020-08-24,93.9029476251,91.3578276706,94.2790789175,90.409795314
XMR,2020-08-25,88.7205580087,93.7018505024,94.0436827412,85.9709081146
XMR,2020-08-26,88.9555936444,88.6773137216,89.8794347647,87.5247487291
XMR,2020-08-27,88.8616361828,88.9913090699,90.7696298286,85.9478336143
XMR,2020-08-28,93.8183215462,89.7699037675,95.5666839296,88.8066187218
XMR,2020-08-29,92.6913916483,94.5327868482,95.8197063668,92.5687411527
XMR,2020-08-30,95.9989152471,92.7914790297,96.344850793,92.7615957619
XMR,2020-08-31,94.0562622527,96.2551650422,96.7337264779,93.4517042114
XMR,2020-09-01,96.691102982,93.2286000472,97.7067107547,91.6313702728
XMR,2020-09-02,91.1593037412,96.9936494497,97.3596423404,88.2259378861
XMR,2020-09-03,83.4882339807,91.2811521793,91.7281345365,81.7050008373
XMR,2020-09-04,83.3556010071,77.3921657976,83.5926048491,76.6372694164
XMR,2020-09-05,76.2342158401,82.2239474061,83.5158172947,74.0278626369
XMR,2020-09-06,79.2244656142,77.7420189428,81.2986819362,75.2966655905
XMR,2020-09-07,82.8284294313,80.2334287819,82.9888717336,76.638463075
XMR,2020-09-08,83.3261598285,82.5920015724,84.851582781,78.8763500867
XMR,2020-09-09,85.0033526322,84.2271860547,85.9456356038,82.2694700538
XMR,2020-09-10,85.7751959872,84.3380545064,86.3882293038,84.0793415886
XMR,2020-09-11,83.9882077214,85.680167045,85.9720596385,83.1703240042
XMR,2020-09-12,86.5878893949,84.0760045844,87.2154302598,83.1334415394
XMR,2020-09-13,85.6543451654,86.7471457663,90.0987926654,85.2268619368
XMR,2020-09-14,90.752185873,86.1903369809,91.2843096482,84.6791863628
XMR,2020-09-15,90.9256207659,91.7676315107,92.9436245316,88.2097771808
XMR,2020-09-16,88.7184482727,91.1895612778,92.8051582517,87.2887131233
XMR,2020-09-17,92.7104274654,88.3579699689,94.0583101244,87.5221268414
XMR,2020-09-18,92.3326516282,92.8097995542,95.2030055962,91.4399326751
XMR,2020-09-19,94.6471422309,92.5126274928,95.4202452841,91.5656050279
XMR,2020-09-20,91.5520882528,94.5982848316,94.714859876,90.624432551
XMR,2020-09-21,90.7879504609,92.7241340389,94.4056035624,85.6935757158
XMR,2020-09-22,92.5759292268,89.2092394553,94.7936749621,87.3056604067
XMR,2020-09-23,87.7129934103,92.6066343507,94.2735841947,87.0826452456
XMR,2020-09-24,91.3423080127,87.1869308285,91.9733200182,86.6505346227
XMR,2020-09-25,93.2801638643,91.7943016308,94.1821579017,90.5481128624
XMR,2020-09-26,94.4493614274,93.0308625737,95.5064374109,92.3649579227
XMR,2020-09-27,97.7494174758,94.6410837299,99.9545274765,93.5454857648
XMR,2020-09-28,97.2247635373,97.124641416,98.7269544462,95.1077390323
XMR,2020-09-29,99.7337057325,95.0789877769,100.1692520094,94.2724745883
XMR,2020-09-30,109.6716143019,100.5056357493,109.909590241,97.7262732671
XMR,2020-10-01,102.6405859151,108.5816687043,113.3914845366,101.518275398
XMR,2020-10-02,102.5939132371,103.8040696681,105.3921007415,93.6824538087
XMR,2020-10-03,103.4449524017,101.733730427,104.044618548,100.7516705228
XMR,2020-10-04,105.9554701692,103.7533865052,109.4932685944,101.4723065186
XMR,2020-10-05,109.6666176085,105.4694634465,109.7149931958,104.260493305
XMR,2020-10-06,106.6478179567,112.753604829,113.8553525819,105.5041054594
XMR,2020-10-07,109.6583345932,106.4626677271,112.8551035545,102.264734107
XMR,2020-10-08,111.8340399258,110.2284772816,112.9652334094,107.6182375476
XMR,2020-10-09,115.8286163084,111.3585373753,118.201663519,108.5406383156
XMR,2020-10-10,116.9553248134,115.9960417193,118.5559635646,115.3106419273
XMR,2020-10-11,124.949285458,115.8427384737,125.1244567633,115.4812970504
XMR,2020-10-12,131.1626349745,125.868444454,135.0482715528,125.1777261338
XMR,2020-10-13,127.3345346391,129.0960627198,131.7730709775,123.8116313448
XMR,2020-10-14,128.424690202,128.1267753938,133.8729814236,125.3574863251
XMR,2020-10-15,131.8109570947,128.6611737805,132.4624434879,123.7273900678
XMR,2020-10-16,120.4224172362,130.3765972694,132.6402366896,119.2359304674
XMR,2020-10-17,120.010191233,120.7649287859,122.8454776743,119.1679429697
XMR,2020-10-18,123.9453897536,120.1777866077,123.9532149727,120.056059417
XMR,2020-10-19,127.1238994427,124.6148393075,130.3138008204,122.719864251
XMR,2020-10-20,119.1094110246,125.750430149,127.3064164881,117.4273560582
XMR,2020-10-21,123.8060331106,118.3351274719,126.2810284166,116.6592637208
XMR,2020-10-22,128.3795034156,121.3955741831,129.668306464,119.4240799797
XMR,2020-10-23,126.4766025505,127.652326419,127.6977412143,122.4660390431
XMR,2020-10-24,129.4628514188,127.447634275,130.3452323961,125.3262368327
XMR,2020-10-25,129.8663212808,129.2896217901,134.238878948,127.9605931565
XMR,2020-10-26,132.1210797294,131.1922867195,139.427710697,129.5647159014
XMR,2020-10-27,133.1884075207,131.5900290108,138.0504202857,131.4028832331
XMR,2020-10-28,125.747697547,133.9529632475,135.4514595492,123.5364757634
XMR,2020-10-29,123.3722443848,126.4145869121,128.5420814104,121.9343586566
XMR,2020-10-30,123.9687217425,124.4293517591,125.3119776681,118.11918645
XMR,2020-10-31,127.2858182161,123.1772887159,128.3538895688,121.4783319405
XMR,2020-11-01,125.3261066603,126.6633957393,127.3656779029,123.8544974407
XMR,2020-11-02,119.3865488413,127.1542374871,128.3601321285,117.7234691849
XMR,2020-11-03,120.3489952899,118.9646699152,120.722196358,116.1513913919
XMR,2020-11-04,116.2327910992,121.0751887203,121.6684192885,113.8180012238
XMR,2020-11-05,119.1902858335,115.7706345166,120.35516021,110.6973233997
XMR,2020-11-06,119.6327706294,119.7532481978,124.3156116369,116.6140946583
XMR,2020-11-07,110.9122000312,119.6069072848,126.0416336609,109.6550855732
XMR,2020-11-08,120.396937882,110.9800328524,120.5823309039,109.6305696332
XMR,2020-11-09,116.3623245723,120.3482529031,122.0123661026,114.195008659
XMR,2020-11-10,116.8954367288,115.9125131977,117.9770163311,114.1384377439
XMR,2020-11-11,113.9106054764,115.7014571061,118.169062304,113.6091661154
XMR,2020-11-12,111.8465948218,113.2695001067,115.2450625617,110.3167332659
XMR,2020-11-13,113.9285132116,112.2087920141,115.0719214352,111.6862132981
XMR,2020-11-14,116.1493546281,114.1286174647,117.5752965952,113.1641844133
XMR,2020-11-15,114.1647401672,116.899693102,118.0196139171,112.9542825011
XMR,2020-11-16,118.2876805561,114.7237267538,120.0555249422,113.59513855
XMR,2020-11-17,124.7100488366,118.5684133408,125.508891594,117.9326343166
XMR,2020-11-18,123.1936578423,125.5968409244,126.5233813341,120.20325175
XMR,2020-11-19,118.6573971686,123.5704160353,123.8012874901,117.1910667352
XMR,2020-11-20,120.0017067927,118.5936227314,123.0392559743,118.0874216997
XMR,2020-11-21,126.8636705995,121.0462724648,129.3468733806,119.5978805392
XMR,2020-11-22,125.6490773364,128.2307569848,129.4499683576,120.5330947853
XMR,2020-11-23,131.0481719812,123.4814986679,131.1197159848,122.2442435271
XMR,2020-11-24,134.7371914513,129.8623486868,141.5710569741,126.9456580507
XMR,2020-11-25,128.8989465064,135.17450254,138.5966855863,128.7778438747
XMR,2020-11-26,119.2854755825,129.033681798,132.3438907402,108.6674183898
XMR,2020-11-27,115.8520762605,120.2530476463,122.3433182119,111.8870822886
XMR,2020-11-28,121.8056128785,117.426550543,125.1798324159,114.5309067075
XMR,2020-11-29,122.3623713363,122.1431178508,126.1518890233,119.4740101274
XMR,2020-11-30,128.7480198576,124.0659217711,129.8772769869,121.76087627
XMR,2020-12-01,127.0260941264,130.5296050908,132.8888464116,120.8664830532
XMR,2020-12-02,127.3395002811,126.0020357687,129.3331984856,124.0937319022
XMR,2020-12-03,133.6550131158,127.9889357732,133.7552405433,126.5454641705
XMR,2020-12-04,129.1931126127,133.5831990154,135.7101689571,129.156296177
XMR,2020-12-05,132.3635739083,126.6989351068,133.2976376205,124.4044962814
XMR,2020-12-06,132.0887111166,133.5968246183,134.8505893496,128.5751765507
XMR,2020-12-07,138.5677261953,134.4124315331,144.0481494335,134.0827920797
XMR,2020-12-08,137.4008524987,138.6964473481,143.1441706024,133.1795265099
XMR,2020-12-09,133.3380771066,135.7674042611,135.8923331886,127.0273780162
XMR,2020-12-10,135.0171458326,132.5889755459,135.1449574377,129.2442826132
XMR,2020-12-11,139.4302456367,133.7548844831,140.3409224573,129.9080311234
XMR,2020-12-12,148.4669145599,141.5980034702,153.2180447476,141.2750405057
XMR,2020-12-13,148.7798971603,146.9604135766,149.4784867153,143.9864631526
XMR,2020-12-14,152.5926959508,152.0305889432,157.6421031767,150.4902487058
XMR,2020-12-15,151.282266364,152.4991262758,155.3238018065,150.8295298443
XMR,2020-12-16,154.8002475433,150.5887413475,156.636048923,147.357879669
XMR,2020-12-17,160.6318393338,158.9874609556,163.5792876704,153.962373598
XMR,2020-12-18,154.8650763708,160.4086977999,160.4939964932,153.0398700745
XMR,2020-12-19,156.2336213385,154.5758652418,158.0663184104,153.847483111
XMR,2020-12-20,152.5955137281,154.6393050768,156.805791794,151.1432367642
XMR,2020-12-21,147.8252291399,152.3602424681,153.6425780969,142.5652664167
XMR,2020-12-22,153.8624793614,145.7411435373,157.4654800739,144.0039114016
XMR,2020-12-23,154.4028660067,156.3932958074,168.9381435311,148.2329789439
XMR,2020-12-24,153.059778823,150.7573947782,158.6286514275,146.5127222686
XMR,2020-12-25,158.0480774191,156.7662054458,160.5016406359,152.6249021045
XMR,2020-12-26,165.4803486989,159.2768319675,167.739392656,158.7884398507
XMR,2020-12-27,158.7309052691,167.8384064876,170.7603119073,155.5761559008
XMR,2020-12-28,165.1156200937,156.6617235877,168.1574348386,155.9436164766
XMR,2020-12-29,162.3437325553,166.3031442446,167.0672534353,155.0036959137
XMR,2020-12-30,158.7494981593,161.3751129861,163.9956068389,158.5086264495
XMR,2020-12-31,155.6276356339,160.0733331191,161.0102117329,155.5570463577
XMR,2021-01-01,132.4141255017,156.2832391281,169.123776834,131.0829740417
XMR,2021-01-02,143.2656276021,135.7896878098,145.0845034158,128.6139539765
XMR,2021-01-03,137.3270777997,142.8471756688,143.8721184233,130.1437949042
XMR,2021-01-04,131.6308457904,136.9822805322,142.4669141423,128.4128164759
XMR,2021-01-05,139.4920034128,133.6783340936,139.5236499226,129.0831455063
XMR,2021-01-06,139.7785851769,136.2088203279,141.7119336728,132.9856136764
XMR,2021-01-07,146.4447288786,142.3805735772,152.6349011717,139.7059518346
XMR,2021-01-08,141.1931024188,142.6697808872,150.1047217392,135.5151474351
XMR,2021-01-09,145.6854960627,141.8185291165,148.8664741271,138.9669177969
XMR,2021-01-10,176.078850852,147.1841780674,177.7628085345,147.1841780674
XMR,2021-01-11,162.8144318023,184.619028779,185.9058148783,142.579317674
XMR,2021-01-12,159.039790049,158.0093531026,172.3814578408,153.9703517495
XMR,2021-01-13,169.7014170304,159.2055700431,174.8603752086,152.5131623552
XMR,2021-01-14,161.9586029154,171.4226925217,171.8394217193,160.4122214201
XMR,2021-01-15,157.2999783664,163.5077111411,167.4285946411,147.569926517
XMR,2021-01-16,155.2299607242,156.9197230253,161.9699295593,152.7037933845
XMR,2021-01-17,163.746663517,155.5576793945,164.3835744114,149.8993578463
XMR,2021-01-18,156.414820084,159.768854397,160.7977522719,150.4515251558
XMR,2021-01-19,160.5506763919,157.0095704991,165.6837749931,152.9510120446
XMR,2021-01-20,152.2775760994,157.0764887516,161.3678866135,146.2713814706
XMR,2021-01-21,131.0178705941,152.8465980023,153.1877408281,128.261645436
XMR,2021-01-22,137.2336155976,130.566936622,141.3850428507,122.2260598574
XMR,2021-01-23,138.3225583213,135.979174755,141.4483769026,133.9919022724
XMR,2021-01-24,137.5504164017,139.0680167452,142.9325951633,134.3795259022
XMR,2021-01-25,138.4977083619,138.2722298332,145.4126818319,136.9139911537
XMR,2021-01-26,137.5418850864,137.2602267342,140.5854903,133.4776714536
XMR,2021-01-27,127.211071491,137.9172577181,138.2123766239,126.915629917
XMR,2021-01-28,136.5394912546,125.7086929619,140.0627382054,123.8677256493
XMR,2021-01-29,140.8775296316,135.5922169283,150.3589381411,132.3618741682
XMR,2021-01-30,140.4400383972,140.4575929827,142.150088259,136.3059332441
XMR,2021-01-31,136.8391956933,139.6080630077,140.4546171891,132.4640281179
XMR,2021-02-01,145.7023530008,137.9248830651,146.3437394427,135.8445479862
XMR,2021-02-02,151.55340924,143.4220537455,151.7764255151,142.923634857
XMR,2021-02-03,152.6536530477,151.370548793,155.4701158971,150.8535161611
XMR,2021-02-04,149.222186706,154.8057144072,155.6032374689,147.8872513166
XMR,2021-02-05,153.3620202409,148.1877602188,154.881417941,147.5648846344
XMR,2021-02-06,154.4492314207,155.481078115,158.1417419921,152.8559998916
XMR,2021-02-07,148.3714032443,152.2943264828,156.2965729671,147.5508540708
XMR,2021-02-08,159.9815470952,150.5490896198,161.3502796253,147.4716209838
XMR,2021-02-09,168.3001699847,163.3554164807,175.2439701778,158.8344348774
XMR,2021-02-10,175.036355463,169.4016455844,182.5484420936,165.6871519211
XMR,2021-02-11,189.4118822118,175.7014573541,192.3982860133,171.0369950856
XMR,2021-02-12,202.7064079871,190.4845226267,215.7125429154,190.4845226267
XMR,2021-02-13,241.1466276438,201.0545034672,254.676983836,197.9251837614
XMR,2021-02-14,236.2498777527,241.4211000775,243.5166560801,223.5918394787
XMR,2021-02-15,221.7217916015,230.2145431253,234.2320555501,203.4954971997
XMR,2021-02-16,218.9071400696,228.3457568245,234.5224831951,210.6647775371
XMR,2021-02-17,262.8944172681,221.4920281096,266.8831878971,221.2264399127
XMR,2021-02-18,259.3842386615,272.1735998708,276.7395155636,252.0099860665
XMR,2021-02-19,275.8110208889,261.3089613851,281.7244753189,252.9152970618
XMR,2021-02-20,249.0038756042,282.2968164642,288.5853741315,246.1773654772
XMR,2021-02-21,245.4785634962,255.3113376367,261.3650267394,243.8490225634
XMR,2021-02-22,223.9434387423,247.3956695683,248.6673258446,190.4799656416
XMR,2021-02-23,215.9471837662,224.4145262183,225.4342057629,171.5861370171
XMR,2021-02-24,203.8209390316,220.9558612174,225.4021052813,198.2252521209
XMR,2021-02-25,200.5842264431,204.71211659,218.6243222404,197.5340156042
XMR,2021-02-26,201.2900756188,198.7923593379,218.0368358157,193.8302523898
XMR,2021-02-27,211.2601530921,204.2019690627,223.2848761581,203.7104303913
XMR,2021-02-28,219.0704707908,209.6845850429,227.6361519694,199.0304954161
XMR,2021-03-01,228.7890116827,219.5289069879,230.5103756409,210.9905472965
XMR,2021-03-02,217.7292571799,230.5173555055,232.715793313,211.5557309592
XMR,2021-03-03,222.4753162198,220.7372161777,229.0846337798,215.9722028862
XMR,2021-03-04,214.410805185,219.1663180854,223.9983947071,210.3226845431
XMR,2021-03-05,210.6083031923,217.6126569665,217.6187641542,203.2989498879
XMR,2021-03-06,203.1137607607,206.0367441799,208.3656785272,198.4973505104
XMR,2021-03-07,207.5840684372,204.4613567529,209.939100483,202.4098578141
XMR,2021-03-08,219.6348201585,208.8936026031,220.3888379096,204.4930995043
XMR,2021-03-09,224.6956512569,221.0290885845,229.0825469704,218.2513316344
XMR,2021-03-10,222.2849499953,225.4367184249,227.4530945857,215.0815950842
XMR,2021-03-11,219.9146875266,220.393929358,226.1512090962,213.2878945637
XMR,2021-03-12,223.0302523625,221.2612469606,225.3115092452,215.9430648233
XMR,2021-03-13,233.5974582066,222.7918640522,237.9221012801,218.4361836796
XMR,2021-03-14,236.9354824349,238.3431681086,240.2043094854,228.8816700457
XMR,2021-03-15,221.7889943188,232.117083944,237.7394608473,215.5701584386
XMR,2021-03-16,229.2950839172,222.3089080408,230.1456055404,212.9491800536
XMR,2021-03-17,234.898262084,229.8335839575,236.7748246489,226.9989277136
XMR,2021-03-18,231.8891154047,235.9511510879,240.1529366789,229.666996671
XMR,2021-03-19,234.818641969,228.1018523683,235.8500800501,223.9126917122
XMR,2021-03-20,233.4580642906,231.7141625715,237.6085008505,230.9928845086
XMR,2021-03-21,233.9665900131,232.025691107,237.398486313,226.0278089073
XMR,2021-03-22,218.9075576235,231.7372004907,233.3663187368,218.7099983796
XMR,2021-03-23,221.1595450956,217.3517376094,225.4239769483,211.8415638515
XMR,2021-03-24,213.1212245908,218.1394059098,229.3614557947,207.4794489528
XMR,2021-03-25,218.4750541881,210.8428815331,221.5042738243,204.9882577694
XMR,2021-03-26,219.3450840395,214.5366195786,225.9390767955,214.4058481535
XMR,2021-03-27,221.9954045329,221.7858298692,224.022008848,214.1375313801
XMR,2021-03-28,228.166741417,221.3303064286,232.3439608796,217.8702642018
XMR,2021-03-29,234.686371095,232.6054831492,241.0627757508,230.8115723397
XMR,2021-03-30,247.1312084625,233.902046355,247.7508957901,232.4319914694
XMR,2021-03-31,242.8354590215,244.7469038021,263.5597846633,242.2597007765
XMR,2021-04-01,248.2912341166,246.0415631235,255.2096320462,244.5320731039
XMR,2021-04-02,255.7192218618,250.652478165,261.5997258871,249.1304404695
XMR,2021-04-03,256.2886359438,257.589061133,266.9949047899,253.6419330073
XMR,2021-04-04,264.0895339752,257.4202906553,272.8103620285,247.7938382936
XMR,2021-04-05,265.3456477922,263.7892005636,268.8168866863,260.3624271717
XMR,2021-04-06,270.4893656841,265.4675075236,277.1178069705,261.7533493635
XMR,2021-04-07,264.2965301967,270.82736591,279.8285925337,253.0796045333
XMR,2021-04-08,271.4713943692,257.6410418117,271.9042477013,251.4868726728
XMR,2021-04-09,273.3964259577,269.7289344662,290.2766391839,266.3904989653
XMR,2021-04-10,292.1786524216,273.3625248499,298.0600163918,273.1346607499
XMR,2021-04-11,323.2759240971,291.8239423973,327.9420764596,291.402256488
XMR,2021-04-12,317.2905784148,328.797182526,343.7970614959,315.873786104
